ID Envio,Nº Série Equip.,Placa,Tipo,Modelo,Origem,Loja Destino (ID),Motivo,Data Envio,Usuário Envio,,Falha
523,25034597,Sem placa,Leitor de código de barras,Elgin Bematech EL 250,999,53,Inserção de leitor de código de barras para gerente.,2025-11-21,root@localhost,,
522,273950286574,Sem placa,Nobreak,SMS Station II uST600S BI,2,53,Inserção de nobreak no balção de loja nova.,2025-11-21,root@localhost,,
521,165111042243,Sem placa,Estabilizador,SMS Revolution Speedy uSP1.5S 115,2,47,Substituição de estabilizador do balcão que quimou fusível interno.,2025-11-18,root@localhost,,
520,122248410772,Sem placa,Nobreak,APC BACK-UPS 600,17,41,Substituição de nobreak do balcão que não está segurando carga.,2025-11-17,root@localhost,,
519,4GBS2K2,7907,Minicomputador,Dell OptiPlex 3050,21,21,Devolução de máquina do balccão após troca de HDD para SSD.,2025-11-17,ti04,,
518,23001104,10572,Microcomputador,Elgin Bematech Newera E3 Nano,999,2,Substituição de computador defasado por este.,2025-11-17,root@localhost,,
517,23004887,10573,Microcomputador,Elgin Bematech Newera E3 Nano,999,2,Substituição de computador defasado por este.,2025-11-17,root@localhost,,
516,71S8G22,1123,Minicomputador,Dell OptiPlex 3020,18,1,Devolução de máquina do gerente após troca de fonte queimada.,2025-11-14,root@localhost,,
515,CN-0FJ066-64180-6AU-0D3S,3196,Monitor,Dell E157FPc,11,1,Inserir monitor destinado exclusivamente para o DVR da sala do gerente.,2025-11-14,root@localhost,,
514,6463540073,Sem placa,Nobreak,SMS APC BACK-UP 600,27,1,"Inserção de nobreak em alguma máquina do balcão, pois não há nenhuma com.",2025-11-14,root@localhost,,
513,BRBSGCVQ54,10571,Multifuncional a laser,HP LaserJet Pro MFP M125a,999,28,Inserção de multifuncional para sala do gerente.,2025-11-14,root@localhost,,
512,273960121512,Sem placa,Nobreak,SMS Station II uST600S,6,6,Devolução de nobreak do PDV após troca de fusível externo queimado.,2025-11-14,root@localhost,,
511,BRBSH8TKB4,399,Multifuncional a laser,HP Laser MFP 127fn,999,999,Retorno de multifuncional a laser após revisão.,2025-11-13,root@localhost,,
510,CNB2N46KMS,5772,Multifuncional a laser,HP Laser MFP 137fnw,31,31,Devolução após revisão para sanar problema de não puxar papel.,2025-11-12,ti04,,
509,273960131220,Sem placa,Nobreak,SMS Station II uST600S,2,1,Substituir nobreak da máquina do crediário que parou de segurar carga.,2025-11-12,root@localhost,,
508,122139230005,Sem placa,Nobreak,APC BACK-UPS 600,1,1,Retorno de nobreak do caixa após troca de bateria.,2025-11-11,ti04,,
507,BRBSG19HC4,1966,Impressora,HP P1102w,7,31,Substituir temporariamente multifuncional a laser HP 137.,2025-11-10,root@localhost,,
506,24064465,Sem placa,Leitor de código de barras,Elgin Flash II,999,2,Substituir leitor com fio do balcão que deu problema.,2025-11-10,root@localhost,,
505,99004617,Sem placa,Leitor de código de barras,Elgin Flash II,999,2,Substituir leitor com fio do balcão que deu problema.,2025-11-10,root@localhost,,
504,U63980K8N770064,2019,Multifuncional a laser,Brother DCP-1617NW,1,10,Substituição definitiva de multifuncional a laser de mesmo modelo — esta sera revisada..,2025-11-07,ti04,,
503,U63885G4X228892,10261,Multifuncional a laser,Brother DCP-2540DW,42,26,Substituir temporariamente multifuncional a laser de mesmo modelo até a de lá ser revisada.,2025-11-06,root@localhost,,
502,273960250735,Sem placa,Nobreak,SMS Station II usT600s,2,3,Substituir nobreak do caixa 11 que parou de segurar carga.,2025-11-06,,,
501,I18GN008387,3045,Leitor de código de barras,Bematech Aquila S-3200,6,14,"Substituir leitor fixo/mesa Honeywell da separação que queimou a fonte, pois não se tinha outra fonte.",2025-11-05,root@localhost,,
500,99004612,Sem placa,Leitor de código de barras,Elgin Flash II,999,34,Substituir o leitor de código de berras com fio do balcão que está defeituoso.,2025-11-05,root@localhost,,
498,B6Q8Y02,10507,Notebook,Dell Inspiron 3421,2,34,Inserção de notebook para controle de estacionamento.,2025-11-04,root@localhost,,
496,BRBSG2N8Q9,861,Impressora,HP LaserJet P1102w,18,34,Inserção de impressora não fiscal para computador do estacionamento.,2025-11-04,root@localhost,,
495,4B1206P37910,Sem placa,Nobreak,APC BE400G-BR,4,34,Inserção de nobreak no lugar do estabilizador para máquina do estacionamento.,2025-11-03,root@localhost,,
494,NXMEVAL014448E513C9501,45,Notebook,Acer Aspire E1-572-6_BR800,999,999,Inserção de notebook para nova colaboradora do convênio.,2025-11-03,root@localhost,,
493,273920089207,1110,Nobreak,SMS Station II uST1200 BI,1,1,Retorno de nobreak após troca de bateria para setor de gerência -- PC do gerente e DVR se conectam a ele.,2025-10-31,,,
491,777,777,Impressora não fiscal,Bematech 4000-TH,14,34,Inserção de impressora fiscal para computador de controle do estacionamento.,2025-10-31,root@localhost,,
489,U63980K8N770064,2019,Multifuncional a laser,Brother DCP-1617NW,29,1,"Substituir multifuncional HP 1132, que apresenta problemas recorrentes, do crediário. Substituído temporariamente.",2025-10-30,,,
488,99004611,Sem placa,Leitor de código de baras,Elgin Flash II,999,32,Substituição de leitor manual com fio defeituoso do balcão por esse.,2025-10-31,,,
487,99004616,Sem placa,Leitor de código de baras,Elgin Flash II,999,33,Substituir leitor manual do balcão que está defeituoso.,2025-10-30,root@localhost,,
485,ETLTY0801514606E2D4201,2333,Monitor,Acer P166HQL,1002,44,Substituir o monitor estragado recém enviado da coordenação.,2025-10-30,root@localhost,,
484,U63885H2N419269,4134,Multifuncional a laser,Brother DCP-2540DW,42,42,"Substituir a multifuncional a laser de mesmo modelo -- nova, destinada à 53 -- que substituiu temporariamente esta Brother enquanto estava com problemas.",2025-10-29,,,
483,6467480019,7852,Notebook,APC BACK-UPS 1200 BI,21,33,Substituir nobreak do servidor que não está segurando carga.,2025-10-29,root@localhost,,
482,9GVLPZ2,10,Notebook,Dell Inspiron 15 7000,999,999,Substituição de notebook do TI07 (Juliano).,2025-10-28,root@localhost,,
481,23004799,10544,Microcomputador,Elgin Bematech Newera E3 Nano,999,53,Inserção de naclj53pdv10 para essa nova loja.,2025-10-28,root@localhost,,
480,24004453,10545,Microcomputador,Elgin Bematech Newera E3 Nano,999,53,Inserção de naclj53pdv11 para essa nova loja.,2025-10-28,root@localhost,,
479,01479-20-07951,10562,Relógio de ponto,Control iD,999,53,Inserção de relógio de ponto para essa nova loja.,2025-10-28,root@localhost,,
478,224B2L5000345,10561,Switch,TP-Link TL-SG1024D,999,53,Inserção de swiitch de mesa/hack de 24 portas para servidor.,2025-10-28,root@localhost,,
477,XDDD021502,10570,Impressora não fiscal,Epson TM-T20X-II,999,53,Inserção de impressora não fiscal para PDV para essa nova loja.,2025-10-28,root@localhost,,
476,XDDD021436,10569,Impressora não fiscal,Epson TM-T20X-II,999,53,Inserção de impressora não fiscal para PDV para essa nova loja.,2025-10-28,root@localhost,,
475,XDDD055449,10568,Impressora não fiscal,Epson TM-T20X-II,999,53,Inserção de impressora não fiscal para PDV para essa nova loja.,2025-10-28,root@localhost,,
474,"5,25903610150023E+016",Sem placa,Leitor de código de barras,C3tech LB-W200,999,53,Inserção de leitor de código de barras sem fio para essa nova loja.,2025-10-28,root@localhost,,
473,25001765,Sem placa,Leitor de código de barras,Elgin Bematech EL 250,999,53,Inserção de leitor de código de barras fixo/mesa para caixa para essa nova loja.,2025-10-28,root@localhost,,
472,25001798,Sem placa,Leitor de código de baras,Elgin Bematech EL 250,999,53,Inserção de leitor de código de barras fixo/mesa para caixa para essa nova loja.,2025-10-28,root@localhost,,
471,25034784,Sem placa,Leitor de código de barras,Elgin Bematech EL 250,999,53,Inserção de leitor de código de barras fixo/mesa para caixa para essa nova loja.,2025-10-28,root@localhost,,
470,24053359,Sem placa,Leitor de código de baras,Elgin Flash II,999,53,Inserção de leitor de código de barras com fio para essa nova loja,2025-10-28,,,
469,99004618,Sem placa,Leitor de código de baras,Elgin Flash II,999,53,Inserção de leitor de código de barras com fio para essa nova loja,2025-10-28,,,
468,99004613,Sem placa,Leitor de código de baras,Elgin Flash II,999,53,Inserção de leitor de código de barras com fio para essa nova loja,2025-10-28,,,
467,24064469,Sem placa,Leitor de código de baras,Elgin Flash II,999,53,Inserção de leitor de código de barras com fio para essa nova loja.,2025-10-28,,,
466,99004276,Sem placa,Leitor de código de baras,Elgin Flash II,999,53,Inserção de leitor de código de barras com fio para essa nova loja.,2025-10-28,,,
465,503AZWS52417,10551,Monitor,LG 20MK400H - B,999,53,Inserção de monitor para essa nova loja.,2025-10-28,root@localhost,,
464,503AZDB54210,10553,Monitor,LG 20MK400H - B,999,53,Inserção de monitor para essa nova loja.,2025-10-28,root@localhost,,
463,503AZXC50114,10549,Monitor,LG 20MK400H - B,999,53,Inserção de monitor para essa nova loja.,2025-10-28,root@localhost,,
462,503AZVN54199,10550,Monitor,LG 20MK400H - B,999,53,Inserção de monitor para essa nova loja.,2025-10-28,root@localhost,,
461,412AZRD70030,10547,Monitor,LG 20MK400H - B,999,53,Inserção de monitor para essa nova loja.,2025-10-28,root@localhost,,
460,412AZVN6Z207,10548,Monitor,LG 20MK400H - B,999,53,Inserção de monitor para essa nova loja.,2025-10-28,root@localhost,,
459,412AZKA70045,10546,Monitor,LG 20MK400H - B,999,53,Inserção de monitor para essa nova loja.,2025-10-28,root@localhost,,
458,24011270,10537,Microcomputador,Elgin Bematech Newera E3 Nano,999,53,Inserção de naclj53te01 para essa nova loja.,2025-10-28,root@localhost,,
457,24011735,10538,Microcomputador,Elgin Bematech Newera E3 Nano,999,53,Inserção de naclj53te02 para essa nova loja.,2025-10-28,root@localhost,,
456,23004885,10539,Microcomputador,Elgin Bematech Newera E3 Nano,999,53,Inserção de naclj53te03 para essa nova loja.,2025-10-28,root@localhost,,
455,24011638,10540,Microcomputador,Elgin Bematech Newera E3 Nano,999,53,Inserção de naclj53te04 para essa nova loja.,2025-10-28,root@localhost,,
454,23001097,10541,Microcomputador,Elgin Bematech Newera E3 Nano,999,53,Inserção de naclj53te05 para essa nova loja.,2025-10-28,,,
453,23004864,10542,Microcomputador,Elgin Bematech Newera E3 Nano,999,53,Inserção de naclj53ger para essa nova loja.,2025-10-28,root@localhost,,
452,24004540,10543,Microcomputador,Elgin Bematech Newera E3 Nano,999,53,Inserção de naclj53est para essa nova loja.,2025-10-28,root@localhost,,
451,273950567845,Sem placa,Nobreak,SMS Station II uST600S BI,34,18,Substituir nobreak do balcão que não está segurando carga.,2025-10-28,,,
450,NXMQYAL002445DC2D69501,275,Notebook,Acer E5-571-320G,999,1002,Inserção de computador nacntalocacao01 no CDN.,2025-10-24,root@localhost,,
449,353073802112094,Adicionar placa,Celular,Samsung A05s,999,1002,Inserção de celular novo no setor de expedição.,2025-10-23,root@localhost,,
448,503AZWS54217,10534,Monitor,LG 20MK400H - B,999,999,Inserção de monitor (segunda  tela) para colaborador da contabilidade do subsetor patrimonial.,2025-10-22,,,
447,122231891080,Sem placa,Nobreak,APC BACK-UPS 600,17,17,Devolução de nobreak do estoque após troca de bateria.,2025-10-21,,,
446,273960149421,Sem placa,Nobreak,SMS Station II uST600S,25,15,Substituição de nobreak do estoque que parou de funcionar.,2025-10-21,,,
445,273950306127,Sem placa,Nobreak,SMS Station II uST600BI,25,47,"Substituição de nobreak do caixa que não está segurando bateria. (Veio este com defeito da loja 25, mas na verdade estava apenas com cabo do polo positivo desencaixado.)",2025-02-21,,,
444,4073,Sem placa,Leitor de código de barras,Bematech BR-400,26,999,Utilizado no computador secundário do TI04 (Lucas) para bipar números de série dos equipamentos no sistema.,2025-10-21,,,
443,HNW4MD2,6736,Microcomputador,Dell OptiPlex 3040,18,18,Retorno de microcomputador do gerente naclj18ger01 após revisão geral e retirada de malwares.,2025-10-21,,,
442,24011716,10532,Microcomputador,Elgin Bematech Newera E3 Nano,999,47,Substituição de microcomputador do estoque que deu defeito no SO.,2025-10-20,,,
441,U63885G4X227118,10531,Multifuncional a laser,Brother DCP-L2540DW,29,23,Substituir temporariamente impressora de mesmo modelo após ela ter dado defeito de hardware.,2025-10-17,,,
440,703SPNY0Q415,7903,Monitor,LG Flatron 16M38A - B,21,44,"Inserção de monitor -- enviado junto:  fonte, VGA e suporte -- no novo computador da coordenadora.",2025-10-17,,,
439,165200353220,Sem placa,Estabilizador,SMS Revolution Speed USP300S,999,44,Inserção de estabilizador no novo computador da coordenadora.,2025-10-17,,,
438,06578-17-10773,Sem placa,Leitor de código de baras,C3tech LB-W,26,34,"Substituir leitor manual sem fio que está fazendo barulho. Será mandado apenas com pendrive, pois será reaproveitado o cabo de carregar do outro.",2025-10-17,,,
437,3216,3216,Desktop Torre,Montada,11,11,Devolução de computador naclj11te05 do balcão após ter tido problema na fonte. Feito troca de HDD por SSD.,2025-10-16,,,
436,4B1139P62421,Sem placa,Nobreak,APC BE600H-BR,2,1002,Inserção de nobreak no relógio de ponto. Está ligado direto na tomada.,2025-10-15,,,
435,BRBSJ7WFMK,6745,Multifuncional a laser,HP LaserJet Pro MFP M125a,18,18,"Devolução de multifuncional HP 125a para escritório (sala do gerente). A outra temporária, HP P1102, será retornada.",2025-10-14,Lucas S.,,
434,BRBSJ7WFM5,5431,Multifuncional a laser,LaserJet Pro MFP M125a,14,14,Devolução da multifuncional do escritório após revisão: troca de rolo e bucha.,2025-10-14,Lucas S.,,
433,NXG5RAL0065469D1739501,Adicionar placa,Notebook,Acer E5-573G-74Q5,999,999,"Devolução após retirada de bateria que não segurava carga, fazendo com que notebook desligasse sozinho.",2025-10-14,Lucas S.,,
432,KQUL3XA000107,10517,Monitor,AOC e1670Swu/WM,2,27,Substituir monitor do balcão que aparentemente está com defeito na tela -- distorção. (Problema era no VGA.),2025-10-03,Lucas S.,,
431,XDDD019397,10530,Impressora fiscal,Epson TM-T20X-II,999,23,"Substituição de impressora térmica convertida Bematech do PDV 11 após parar de funcionar. (Repor, pois é novo da loja 53.)",2025-10-13,Lucas S.,,
430,122217303179,Sem placa,Nobreak,APC BACK-UPS 600,45,25,Substituir nobreak SMS de 600VA do balcão que durou apenas uma semana após bateria estragar devido a dez quedas na rede elétrica no mesmo dia.	,2025-10-10,Lucas S.,,
429,6463540031,Sem placa,Nobreak,APC BACK-UPS 600,1002,25,Substituir nobreak SMS de 600VA do balcão que durou apenas uma semana após bateria estragar devido a dez quedas na rede elétrica no mesmo dia.,2025-10-10,Lucas S.,,
428,122217303168,Sem placa,Nobreak,APC BACK-UPS 600,24,24,Devolução após troca de bateria para PDV10.,2025-10-10,Lucas S.,,
427,131SYR3,4909,Microcomputador,Dell OptiPlex 3000,40,40,Devolução da máquina do balcão naclj40te02 após manutenção preventiva e adição de mais 4GB de RAM para melhorar desempenho.,2025-10-10,Lucas S.,,
426,273860084030,Sem placa,Nobreak,SMS NET Station uST600s,27,5,Substituir nobreak do balcão que não está segurando carga.,2025-10-08,Lucas S.,,
425,165200671785,Sem placa,Estabilizador,SMS Revolution Speed USP300S,999,21,Substituir estabilizador SMS de 300VA BI do balcão que queimou fusível interno.,2025-10-08,Lucas S.,,
424,XDDD019391,10518,Impressora fiscal,Epson TM-T20X-II,999,9,"Substituir impressora fiscal do caixa que não está operando adequadamente. (Repor, pois é da loja 53.)",2025-10-07,Lucas S.,,
423,E182N013598,3044,Leitor de código de barras,Bematech Aquila S-3200,6,9,Substituir leitor fixo/mesa do estoque que não está operando adequadamente.,2025-10-07,Lucas S.,,
422,U63980K8N750655,10265,Multifuncional a laser,Brother DCP-1617DW,12,12,Devolução de multifuncional 1617 Brother após trocar peça quebrada por mau uso.,2025-10-07,Lucas S.,,
421,F182N012185,611,Leitor de código de barras,Bematech Aquila S-3200,3,3,Devolução de leitor fixo/mesa do estoque após resetar as configurações e desativar modo sleep.,2025-10-06,Lucas S.,,
420,273950499428,Sem placa,Nobreak,SMS Station II uST600BI,999,5,Substituir nobreak do caixa que não está segurando carga.,2025-10-08,Lucas S.,,
419,273960058227,Sem placa,Nobreak,SMS Station II uST600S,16,5,Substituir nobreak do DVR que não está segurando carga.,2025-10-08,Lucas S.,,
418,90812,Sem placa,Nobreak,SMS Station II uST600S,6,25,Substituir nobreak do balcão que não está segurando carga.,2025-10-07,Lucas S.,,
417,273950306127,Sem placa,Nobreak,SMS Station II uST600BI,30,25,Substituir nobreak do caixa que não está segurando carga.,2025-10-06,Lucas S.,,
416,273960149421,Sem placa,Nobreak,SMS Station II uST600S,20,25,Substituir nobreak do balcão que não está segurando carga.,2025-10-06,Lucas S.,,
415,24064472,Sem placa,Leitor de código de barras,Elgin Flash II,999,27,Substituir leitor manual do balcão que está apresentando defeito. (Leitor novo.),2025-10-03,Lucas S.,,
414,122231891073,Sem placa,Nobreak,APC BACK-UPS 600,1000,27,Substituir nobreak do balcão que não está segurando carga.,2025-10-03,Lucas S.,,
413,U63980K8N749640,396,Multifuncional a laser,Brother DCP-1617NW,28,28,"Devolução de multifuncional 1617 Brother após revisão. Retornará uma Brother 2540, que era temporária.",2025-10-03,Lucas S.,,
412,24064466,Sem placa,Leitor de código de barras,Elgin Flash II,999,26,Substituir leitor manual do balcão que está com mau contato na porta frontal do PC. (Leitor novo.),2025-10-03,Lucas S.,,
411,122231891088,Sem placa,Nobreak,APC BACK-UPS 600,18,26,Substituir nobreak que não está segurando carga.,2025-10-03,Lucas S.,,
410,273960185918,Sem placa,Nobreak,SMS Station II uST600S,13,26,Substituir nobreak que não está segurando carga.,2025-10-03,Lucas S.,,
409,122141820862,Sem placa,Nobreak,APC BACK-UPS 600,1000,21,Substituir nobreak do computador do gerente que parou de funcionar após desligá-lo sem querer.,2025-10-02,Lucas S.,,
408,NXMQYAL002445DC2459501,154,Notebook,Acer E5-571-320G,999,999,"Devolução após formatar para adicionar novo usuário de domínio, retirando o que estava, que era o nome pessoal da antiga colaborada.",2025-10-02,Lucas S.,,
407,122217303169,Sem placa,Nobreak,APC BACK-UPS 600,2,17,Substituir nobreak que parou de segurar carga.,2025-10-01,Lucas S.,,
406,122243583110,Sem placa,Nobreak,APC BACK-UPS 600,1000,1000,Retorno para baia 09 após troca de bateria após queda de energia.,2025-09-30,Lucas S.,,
405,122140469037,Sem placa,Nobreak,APC BACK-UPS 600,1000,1000,Retorno para baia 01 após troca de bateria após queda de energia.,2025-09-30,Lucas S.,,
404,122217303153,Sem placa,Nobreak,APC BACK-UPS 600,1000,1000,Retorno para baia 13 após troca de bateria após queda de energia.,2025-09-30,Lucas S.,,
403,122209650320,Sem placa,Nobreak,APC BACK-UPS 600,39,38,Substituir estabilizador do estoque. Há muitas quedas de energia.,2025-09-29,Lucas S.,,
402,KQUICXA001509,7540,Monitor,AOC e1670Swu/WM,2,11,Substituir monitor de 15 pol. do estoque que está cortando a tela do Gestão Orçamento e outros.,2025-09-30,Lucas S.,,
401,5601,5601,Desktop Mid Tower,Montada Centrium,20,20,"Retorno de máquina naclj20farm após revisão geral, pois não estava ligando e apresentando imagem.",2025-09-29,Lucas S.,,
400,273920131484,430,Nobreak,SMS Station II uST1200BI,38,1002,Substituir nobreak APC de 600VA da expedição que não aguentou dois computadores ligados e outros periféricos.,2025-09-29,Lucas S.,,
399,BRBSG2N8Q9,861,Impressora,HP LaserJet P1102w,14,18,Substituir temporariamente a multifuncional HP da sala do gerente que virá para manutenção.,2025-09-29,Lucas S.,,
398,D21SYR3,4907,Microcomputador,Dell OptiPlex 3000,40,40,"Devolução de máquina do balcão naclj40te03 após aumento de RAM para sanar queixa de lerdeza, além de otimização via SO.",2025-09-26,Lucas S.,,
397,BRJSG656G9,6827,Multifuncional a laser,HP Laserjet Pro MFP 1132,8,8,"Retorno de impressora HP 1132, que estava agarrando papel, após troca de fusor.",2025-09-26,Lucas S.,,
395,0D11240908,3794,Leitor de código de barras,Honeywell MS7820-118,10,2,Inserção de leitor fixo para PDv 16.,2025-09-25,Lucas S.,,
394,24011274,10503,Microcomputador,Elgin Bematech Newera E3 Nano,999,2,Inserção de máquina que o Ezio configurará lá.,2025-09-23,Lucas S.,,
393,24011877,10464,Microcomputador,Elgin Bematech Newera E3 Nano,999,2,Inserção de máquina do balcão que o Ezio terminará de configurar lá.,2025-09-23,Lucas S.,,
392,24011266,10465,Microcomputador,Elgin Bematech Newera E3 Nano,999,2,Inserção de máquina que o Ezio configurará lá.,2025-09-23,Lucas S.,,
391,24011291,10502,Microcomputador,Elgin Bematech Newera E3 Nano,999,2,Inserção de máquina PDV 14 no televendas.,2025-09-23,Lucas S.,,
390,BE090910100010020342,Adicionar placa,Impressora fiscal,Bematech MP-4000 TH FI,16,16,"Retornando novamente pois o Ezio trouxe de volta quando foi lá, já que estava parado. [PDV 11.]",2025-09-23,Lucas S.,,
389,9T81RD3,1647,Microcomputador,Dell Optiplex 3080,16,16,"Retornando novamente pois o Ezio trouxe de volta quando foi lá, já que estava parado. [PDV 11.]",2025-09-23,Lucas S.,,
388,412AZUJ70022,10508,Nobreak,LG 20MK400H - B,999,16,"Substituição de monitor do novo PDV. (Ezio foi, retirou tudo e trouxe de volta, estamos mandando de volta com um monitor novo.)",2025-09-23,Lucas S.,,
387,122152243024,Sem placa,Nobreak,APC BACK-UPS 600,16,2,Possível inserção de nobreak para após viagem do Ezio para aprimorar loja.,2025-09-23,Lucas S.,,
386,122209650355,Sem placa,Nobreak,APC BACK-UPS 600,39,2,Possível inserção de nobreak para após viagem do Ezio para aprimorar loja.,2025-09-23,Lucas S.,,
385,122249770882,Sem placa,Nobreak,APC BACK-UPS 600,22,2,Possível inserção de nobreak para após viagem do Ezio para aprimorar loja.,2025-09-23,Lucas S.,,
384,165200618451,Sem placa,Estabilizador,SMS Revolution Speed USP300S,999,2,Possível inserção de estabilizador para após viagem do Ezio para aprimorar loja.,2025-09-23,Lucas S.,,
383,159706501116,Sem placa,Estabilizador,SMS Revolution Speed USP300BI,999,2,Possível inserção de estabilizador para após viagem do Ezio para aprimorar loja.,2025-09-23,Lucas S.,,
382,165200671807,Sem placa,Estabilizador,SMS Revolution Speed USP300S,999,2,Possível inserção de estabilizador para após viagem do Ezio para aprimorar loja.,2025-09-23,Lucas S.,,
381,412AZQV6Z212,10509,Monitor,LG 20MK400H - B,999,999,Inserção de monitor novo para novo usuário da TI: Juliano.,2025-09-22,Lucas S.,,
380,122209650356,Sem placa,Nobreak,SMS Station II uST600BI,39,7,Substituição de estabilizador por nobreak na sala de conferência.,2025-09-22,Lucas S.,,
379,99004615,Sem placa,Leitor de código de barras,Elgin Flash II,999,12,"Substituir leitor manual do balcão que está apresentando defeito. (Repor, pois 53.)",2025-09-22,Lucas S.,,
378,99004614,Sem placa,Leitor de código de barras,Elgin Flash II,999,12,"Substituir leitor manual do balcão que está apresentando defeito. (Repor, pois 53.)",2025-09-22,Lucas S.,,
377,5422,5422,Desktop Torre,Montada Asus,19,29,"Reestabelecimento de novo computador do farmacêutico, pois o outro com configuração inferior havia sido mandado para cá, e não foi retornado um por bastante tempo.",2025-09-19,Lucas S.,,
376,23004978,10463,Microcomputador,Elgin Bematech Newera E3 Nano,999,2,"Inserção de nova máquina nova de perfumaria, pois a que estava foi mandada para cá e nunca foi retornada para lá.",2025-09-18,Lucas S.,,
375,23025616,Sem placa,Leitor de código de barras,Elgin Flash II,999,1002,"Inserção de leitor novo para notebook da expedição. O que estava nele, manual, foi para nova máquina da expedição.",2025-09-16,Lucas S.,,
374,KQUJ3XA002106,2219,Monitor,AOC e1670Swu/WM,1002,11,Substituição de monitor do caixa que queimou.,2025-09-16,Lucas S.,,
373,0D11240885,1023,Leitor de código de barras,Bematech MS7820-118,35,6,Substituir leitor de mesa Bematech do estoque que não lê por nada.,2025-09-17,Lucas S.,,
372,273920296457,3673,Nobreak,SMS Station II uST1200BI,32,21,"Substituir nobreak do rack do servidor que é destinado a switches, câmeras, roteador etc., pois não segura mais carga.",2025-09-17,Lucas S.,,
371,412AZXC6Z226,Adicionar placa,Monitor,LG 20MK400H - B,999,1002,"Inserção de novo monitor para novo computador da expedição. (Repor, pois era da loja 53.)",2025-09-16,Lucas S.,,
370,165200644967,Sem placa,Estabilizador,SMS Revolution Speedy uSP300s,37,38,Substituir estabilizador do balcão que queimou.,2025-09-15,Lucas S.,,
369,412AZXC70554,10460,Monitor,LG 20MK400H - B,999,1002,"Inserção de novo monitor para velho computador da expedição. (Repor, pois era da loja 53.)",2025-09-15,Lucas S.,,
368,24003349,9108,Microcomputador,Elgin Bematech Newera E3 Nano,1000,1000,"Devolução após corrigir estática que o impossibilitava de ligar. E problema não somente neste, mas em outras máquinas do EFN, além de ocasionar travamentos.",2025-09-12,Lucas S.,,
367,BE091410100011248581,Adicionar placa,Impressora fiscal,Bematech MP-4000 TH FI,1002,999,Jeferson utilizando para imprimir notas.,2025-09-11,Lucas S.,,
366,5B2402WA1627,Sem placa,Nobreak,APC BVX600BI-BR,999,39,Substituição de nobreak do balcão que queimou bateria após queda de energia.,2025-09-11,Lucas S.,,
365,5B2402WA1630,Sem placa,Nobreak,APC BVX600BI-BR,999,39,Substituição de nobreak do caixa que queimou bateria após queda de energia.,2025-09-11,Lucas S.,,
364,XDDD029570,Adicionar placa,Impressora fiscal,Epson TM-T20X-II,999,6,"Substituir impressora fiscal térmica do caixa que quebrou. (Repor, pois é da Loja 53.)",2025-09-10,Lucas S.,,
363,99004620,Sem placa,Leitor de código de barras,Elgin Flash II,999,3,"Substituição de leitor manual defeituoso do gerente. (Repor, pois é da Loja 53.)",2025-09-10,Lucas S.,,
362,U63980H8N681229,2325,Multifuncional a laser,Brother DCP-1617NW,32,29,"Troca de impressora de mesmo modelo que está agarrando papel, mesmo após revisão recente.",2025-09-11,Lucas S.,,
361,9TYXVM3,3561,Notebook,Vostro 3501,22,1002,Substituição de notebook do Ecommerce01 por este.,2025-09-10,Lucas S.,,
360,122127192362,Sem placa,Nobreak,APC BACK-UPS 600,16,39,Substituição de nobreak do caixa que não segura mais carga.,2025-09-09,Lucas S.,,
359,GS81RD3,3672,Microcomputador,Dell OptiPlex 3080,32,32,Retornando após manutenção preventiva. Veio porque estava parada.,2025-09-04,Lucas S.,,
358,20402,Sem placa,Nobreak,SMS Station II uST600BI,27,13,Substituir nobreak do caixa que não está segurando carga.,2025-09-02,Lucas S.,,
357,G220H599670,Sem placa,Leitor de código de barras,Bematech BR-400,999,32,Inserção de leitor manual c/ fio.,2025-09-01,Lucas S.,,
356,10100,Sem placa,Leitor de código de barras,Elgin Flash I,999,11,Inserir leitor manual com fio no balcão.,2025-08-29,Lucas S.,,
355,24003357,9151,Microcomputador,Elgin Bematech Newera E3 Nano,1000,1000,Devolução de computador efnte27 após formatação para corrigir corrompimento de SO.,2025-08-29,Lucas S.,,
354,122149107122,Sem placa,Estabilizador,APC BACK-UPS 600,27,27,Devolução de nobreak após troca de bateria. Dois anos de uso.,2025-08-28,Lucas S.,,
353,822,822,Desktop Torre,Montada,14,14,Devolução do computador do estoque após formatação para resolver problema de corrompimento do Windows (tela azul).,2025-08-28,Lucas S.,,
352,909,Sem placa,Leitor de código de barras,Elgin Flash II,999,7,Inserção de leitor manual c/ fio.,2025-08-26,Lucas S.,,
351,3626,Sem placa,Leitor de código de barras,BR-400,999,7,Inserção de leitor manual c/ fio.,2025-08-26,Lucas S.,,
350,06578-17-10773,Sem placa,Leitor de código de baras,C3tech LB-W,2,2,"Devolvendo depois de bastante tempo. Estava sem o pendrive, pois veio sem, e ele ficou na loja 02.",2025-08-21,Lucas S.,,
349,"2,24903610150014E+016",Sem placa,Leitor de código de barras,C3tech LB-W,2,2,"Devolvido com um pendrive que não pertencea ele, mas de outro leitor da loja. Está funcionando normal, mas veio sem o seu pendrive.",2025-08-21,Lucas S.,,
348,BR-0FCFPK-07591-51D-5ZXM,139,Monitor,Dell E1914Hc,999,16,Inserção de monitor para nova máquina do balcão.,2025-08-21,Lucas S.,,
347,273950265959,Sem placa,Nobreak,SMS Station II uST600BI,999,17,Substituição de nobreak que não segura mais carga.,2025-08-21,Lucas S.,,
346,122243583135,Sem placa,Nobreak,APC BACK-UPS 600,999,16,Substituição de nobreak que não segura mais carga.,2025-08-21,Lucas S.,,
345,122249770950,Sem placa,Nobreak,APC BACK-UPS 600,999,16,Substituição de nobreak que não segura mais carga.,2025-08-21,Lucas S.,,
344,F94CN73,7654,Microcomputador,Dell OptiPlex 3080,2,16,Inserção de novo balcão.,2025-08-21,Lucas S.,,
343,FL6SBS2,1704,Microcomputador,Dell OptiPlex 3060,15,16,"Inserção de novo balcão - substituindo um que foi enviado que está com problemas no slot da RAM. Enviado sem SSD, pois será transferido o que deu problema para este.",2025-08-21,Lucas S.,,
342,4B1206P37913,Sem placa,Nobreak,APC BE400G-BR,999,999,Substituição de nobreak do computador da recepção que não estava segurando carga.,2025-08-20,Lucas S.,,
341,6768,6768,Desktop Mid Tower,Montada,8,8,Devolução de máquina após conserto de hardware: cabo sata e fonte.,2025-08-20,Lucas S.,,
340,BRBSJ7WFM5,5431,Multifuncional a laser,LaserJet Pro MFP M125a,14,14,Devolução após troca de kit fusor para parar o agarramento de papel.,2025-08-20,Lucas S.,,
339,410AZUJ6U510,10448,Monitor,,1002,999,Substituir monitor da Contabilidade da colaboradora Daniella.,2025-08-19,Lucas S.,,
338,U63980K8N770064,2019,Multifuncional a laser,Brother DCP-1617NW,29,29,"Devolução após corrigir a causa do atolamento: fusor muito desgastando, eliminando borra. Gerente deve ficar mais atento a isso para não ter que mandar para cá sem necessidade.",2025-08-19,Lucas S.,,
337,273960058227,Sem placa,Nobreak,SMS Station II uST600S,23,16,Inserção de nobreak para nova máquina configurada.,2025-08-19,Lucas S.,,
336,CNB2N46KNV,3657,Multifuncional a laser,HP Laser MFP 137fnw,32,32,Devolução após troca de pickup. Estava travando.,2025-08-18,Lucas S.,,
335,3J316W1,728,Minicomputador,Dell Vostro 260s,3,16,Inserção de nova máquina naclj16te00 no balcão. ,2025-08-19,Lucas S.,,
334,24002959,9150,Microcomputador,Elgin Bematech Newera E3 Nano,1000,1000,"Devolução após slot de memória parar de funcionar, já é segunda vez nesses modelos de microcomputador. Agora não está mais congelando e ficando quadriculado a imagem. Deve ser por estática.",2025-08-13,Lucas S.,,
333,H94CN73,7541,Microcomputador,Dell OptiPlex 3080,1002,1002,"Devolução deste microcomputador da expedição após aumentar RAM, de 4GB para 8GB. (Mandado para lugar errado no CD; retornado.)",2025-08-13,Lucas S.,,
332,F182N005058,3887,Leitor de código de barras,Bematech Aquila S-3200,10,10,Devolução de leitor após troca de fonte de energia queimada.,2025-08-12,Lucas S.,,
331,273950409878,Sem placa,Nobreak,SMS Station II uST600BI,15,1002,"Substituir nobreak APC 600VA do CDN, galpão, que não está segurando carga.",2025-08-12,Lucas S.,,
330,320002404,10444,Leitor de código de barras,Bematech I-3200,1002,35,"Substituir leitor de código de barras fixo/mesa, pois o outro, da Honeywell, estava falhando.",2025-08-11,Lucas S.,,
329,122234061518,7354,Nobreak,APC BACK-UPS BZ1500XLBI-BR,41,20,Substituir nobreak do servidor que não está segurando carga.,2025-08-11,Lucas S.,,
325,BRBSG19HC0,122,Impressora a laser,HP LaserJet P1102w,8,14,Substituir temporariamente impressora HP 125a que está atolando papel.,2025-08-08,Lucas S.,,
324,273920131484,430,Nobreak,SMS Station II uST1200BI,4,38,"Substituir nobreak do servidor que não está segurando carga. (A gerente não fez a substituição, se ela realmente confirmar que o de lá não está funcionando, eu envio outro.)",2025-08-11,Lucas S.,,
323,1HHV6W1,1375,Minicomputador,Dell Vostro 270s,17,17,"Devolução de computador do gerente, naclj17ger, após troca de HDD por SSD e aumento de RAM, de 4GB para 8GB.",2025-08-08,Lucas S.,,
322,6491,6491,Desktop Torre,Montada,15,17,"Substituição de máquina do balcão após melhorias: i3, 8GB de RAM e SSD.",2025-08-08,Lucas S.,,
321,1N9W6W1,1404,Minicomputador,Dell Vostro 270s,17,17,Devolução da máquia do estoque após revisão e melhorias: 8GB de RAM e SSD.,2025-08-07,Lucas S.,,
320,273920062913,10443,Nobreak,SMS Station II uST1200BI,22,22,Substituição do nobreak do servidor que não está segurando carga.,2025-08-07,Lucas S.,,
319,165200640951,Sem placa,Estabilizador,SMS Revolution Speed USP300S,999,33,Substituir estabilizador que queimou fusível.,2025-08-06,Lucas S.,,
317,"9,24903610150025E+016",Sem placa,Leitor de código de barras,C3Tech LB-W,999,26,Substituir leitor de código de barras sem fio quebrado.,2025-08-06,Lucas S.,,
316,412AZLW6Z216,Adicionar placa,Monitor,LG 20MK400H - B,999,1002,"Substituir monitor do gerente do CDN, que foi colocado para uma das novas máquinas da separação.",2025-08-06,Lucas S.,,
315,U63980H8N681229,2325,Multifuncional a laser,Brother DCP-1617NW,1002,32,Substituição da HP 137 para melhorar as impressões. Possivelmente para sanar defeitos de travamentos e correlacionados.,2025-08-06,Lucas S.,,
314,24003032,Adicionar placa (esqueci),Minicomputador,Elgin Bematech Newera E3 Nano,999,1000,"Devolução de máquina da coordenadora da baía 18. Estava com problemas para ligar, reiniciando, desse modo, todo instante. Deixado apenas um pente de RAM, pois somente um slot funciona.",2025-08-06,Lucas S.,,
313,165200465305,Sem placa,Estabilizador,SMS Revolution Speed USP300S,999,47,Substituir estabilizador do balcão que não está segurando carga.,2025-08-06,Lucas S.,,
312,122217303163,Sem placa,Nobreak,APC BACK-UPS 600,45,1000,"Substituir nobreak da gerente do Entrega Fácil, Ana Carla, que não está segurando carga.",2025-08-06,Lucas S.,,
311,122140711488,Sem placa,Nobreak,APC BACK-UPS 600,24,47,Substituir nobreak do balcão que não está segurando carga.,2025-08-06,Lucas S.,,
308,122152243026,Sem placa,Nobreak,APC BACK-UPS 600,16,1000,Substituição de nobreak da baia da Andressa que não segurava carga.,2025-08-05,Lucas S.,,
307,24002959,9150,Microcomputador,Elgin Bematech Newera E3 Nano,1000,1000,"Devolução de computador pertencente à baia 5 após formatação, corrigindo, assim, problemas de driver de placa de vídeo.",2025-08-05,Lucas S.,,
306,KQUI2XA004039,242,Monitor,AOC E1670SWU/WM,1002,1000,Substituir monitor da baia 5 que ficava dando mau contato.,2025-08-05,Lucas S.,,
305,5B2402WA1631,Sem placa,Nobreak,APC BVX600BI-BR,24,3,Substituir nobreak que não está segurando carga do PDV.,2025-07-18,Lucas S.,,
304,273960137082,Sem placa,Nobreak,SMS Station II uST600S,2,1002,Inserção de nobreak para novo computador da separação.,2025-07-18,Lucas S.,,
303,273960251094,Sem placa,Nobreak,SMS Station II uST600S,36,1002,Inserção de nobreak para novo computador da separação.,2025-07-18,Lucas S.,,
301,7DXC0Y1,2455,Minicomputador,Vostro 270s,13,1002,Inserção de novo computador naccdnsep02 para separação.,2025-07-18,Lucas S.,,
300,8T33NZ1,10259,Minicomputador,Dell Inspiron 3647,1000,1002,Inserção de novo computador naccdnsep01 para separação.,2025-07-18,Lucas S.,,
299,6KBLLK3,138,Notebook,Dell Vostro 3501,999,999,Inserção de computador para usuário relativio ao Patrimonio01.,2025-07-17,,,
298,24011262,10258,Microcomputador,Newera E3 Nano,999,12,Substituir PDV do caixa.,2025-07-17,Lucas S.,,
297,J4XCLZ1,76,Notebook,Dell Inspiron 3421,999,999,"Devolução do notebook Financeiro12 e troca pelo que estava temporariamente sendo usado, da Contabilidade, até ser formatado para fins de segurança após hackeamento do e-mail.",2025-07-15,Lucas S.,,
296,159700539011,Sem placa,Estabilizador,SMS Revolution Speedy uSP300BI 115,1002,36,Reposição de estabilizador do balcão que queimou fusível interno.,2025-07-15,Lucas S.,,
295,"5,223160200401E+018",Sem placa,Estabilizador,Bem ligado Coletek (CLK),13,36,Reposição de estabilizador do balcão que queimou fusível interno.,2025-07-15,Lucas S.,,
292,412AZLW70040,10249,Monitor,LG 20MK400H - B,999,999,Substituir um monitor menor do Departamento Pessoal por este.,2025-07-14,Lucas S.,,
291,5640,5640,Desktop Torre,Montada,4,4,Devolução de computador após melhorias no hardware: SSD e mais RAM.,2025-07-14,Lucas S.,,
290,122140711475,Sem placa,Nobreak,APC BACK-UPS 600,999,43,Substituir nobreak que não está segurando carga.,2025-07-11,Lucas S.,,
289,XBZY080052,10247,Scanner,Epson Perfection V39 II,999,14,Inserção de scanner no balcão.,2025-07-09,Lucas S.,,
288,U63980D2N156555,Adicionar placa,Multifuncional a laser,Brother DCP-1617NW,4,4,Revisão geral da impressora há 2 meses -- troca de película. Esqueci de mencionar o envio.,2025-07-09,Lucas S.,,
287,4FTR2K2,Adicionar placa,Minicomputador,Dell OptiPlex 3040,2,15,Substituir máquina do balcão que queimou fonte. Computador já com SSD.,2025-07-03,Lucas S.,,
286,BR-0K876H-07591-99U-0CRL,3330,Monitor,Dell E1709 WC,22,15,"Repor monitor da separação, que foi pego para colocar no PDV 10, no qual teve o monitor queimado.",2025-07-02,Lucas S.,,
285,524G9J3,1753,Microcomputador,Dell OptiPlex 3080,26,15,"Substituir máquina do PDV 10 que parou de funcionar (pisca luz laranja.) Quando chegar lá, usuário colocará o SSD desse neste.",2025-07-02,Lucas S.,,
284,U63885G4X227118,10531,Multifuncional a laser,Brother DCP-L2540DW,13,29,Substituir temporiamente impressora Brother 1617 que virá para manutenção.,2025-07-02,Lucas S.,,
283,OWE1852311010594,Adicionar placa,Monitor,Concódia E185,999,12,Substituir monitor do balcão que parou de funcionar.,2025-06-25,Lucas S.,,
282,06578-17-10773,Sem placa,Leitor de código de baras,C3tech LB-W,2,12,Mais um leitor manual sem fio em razão do que já está lá estar com bateria ruim. Alta demanda.,2025-06-25,Lucas S.,,
281,122231891086,Sem placa,Nobreak,SMS Station II uST600BI,2,12,Substituir nobreak que não está segurando carga.,2025-06-24,Lucas S.,,
280,122141820861,Sem placa,Nobreak,APC BACK-UPS 600,2,42,Reposição de nobreak que não está segurando carga.,2025-06-20,Lucas S.,,
279,159700536370,Sem placa,Estabilizador,SMS Revolution Speedy uSP300BI,28,42,Reposição de estabilizador que queimou fusível.,2025-06-20,Lucas S.,,
278,159706495737,Sem placa,Estabilizador,SMS Revolution Speedy uSP300 BI 115,999,42,Reposição de estabilizador que queimou fusível.,2025-06-20,Lucas S.,,
271,U63885D0N338922,Adicionar placa (esqueci),Multifuncional a laser,Brother DCP-L2540DW,13,13,Retorno de impressora A4 após conserto.,2025-06-20,Lucas S.,,
270,273960121512,Sem placa,Nobreak,SMS Station II uST600S,2,6,Substituição de nobreak do PDV que não está segurando carga.,2025-06-18,Lucas S.,,
269,6470240260,Sem placa,Nobreak,APC BACK-UPS 600,2,15,Substituição de nobreak do PDV que não está segurando carga.,2025-06-18,Lucas S.,,
268,32000584,Adicionar placa (esqueci),Microcomputador,Elgin Bematech RC 8600 ZION,4,4,Retorno do microcomputador do balcão após manutenção corretiva.,2025-06-17,Lucas S.,,
267,273960131220,Sem placa,Nobreak,SMS Station II uST600S,2,2,Reposição de nobreak que não está segurando carga.,2025-06-16,Lucas S.,,
266,273950161601,Sem placa,Nobreak,SMS Station II uST600BI,2,2,Reposição de nobreak que não está segurando carga.,2025-06-16,Lucas S.,,
265,273950255988,Sem placa,Nobreak,SMS Station II uST600BI,2,24,Substituir nobreak que não está segurando carga.,2025-06-13,Lucas S.,,
264,9VLRVN2,1679,Microcomputador,Dell OptiPlex 30450,22,10,"Redirecionando computador. Outro da loja 10 foi para a 22, e este da 22 para 10.",2025-06-12,Lucas S.,,
263,165200688853,Sem placa,Estabilizador,SMS Revolution uSP300s,38,22,Reposição de estabilizador.,2025-06-12,Lucas S.,,
262,165200445098,Sem placa,Estabilizador,SMS Revolution Speed USP300S,1002,22,Reposição de estabilizador.,2025-06-12,Lucas S.,,
261,165200274176,Sem placa,Estabilizador,SMS Revolution Speed USP300S,42,22,Reposição de estabilizador.,2025-06-12,Lucas S.,,
260,159706504516,Sem placa,Estabilizador,Revolution Speedy uSP300BI 115,999,22,Reposição de estabilizador.,2025-06-12,Lucas S.,,
258,273960121489,Sem placa,Nobreak,SMS Station II uST600S,20,4,"Substituição de nobreak de 1200VA do caixa, que não era para estar com um de 600VA, igual a este, por não segurar carga.",2025-06-12,Lucas S.,,
257,292020037437,9895,Nobreak,SMS Lite 600Bi,999,24,Substituir nobreak que não está segurando carga.,2025-06-12,Lucas S.,,
256,9VNNVN2,6502,Microcomputador,Dell OptiPlex 3050,15,22,"Substituir PDV de mesmo modelo que não estava funcionando, nem a fonte.",2025-06-11,Lucas S.,,
255,FD1SFV2,5080,Microcomputador,Dell OptiPlex 3060,19,22,"Substituição de máquina do balcão defasada que tinha HDD, 4GB de RAM.",2025-06-11,Lucas S.,,
254,21114023,Adicionar placa,Microcomputador,Elgin Bematech RC-8400 ZION,50,11,"Substituição de máquina do balcão: grande, lenta, com HDD, apenas 4GB de RAM.",2025-08-19,Lucas S.,,
253,XDDD013516,Adicionar placa,Impressora fiscal,Epson TM-T20X-II,999,22,Inserção de impressora para caixa -- estava sem.,2025-06-11,Lucas S.,,
252,273920298952,1384,Nobreak,SMS Station II uST1200BI,1002,7,"Substituição de nobreak do servidor por este. A bateria foi trocada faz tempo, retornou, mas testei e está segurando carga. Como [é do lado, caso dê problema, é fácil trocar.",2025-06-10,Lucas S.,,
251,407SPXV1L858,5478,Monitor,LG Flatron 20EN33SS - B,19,21,"Substituição de monitor de mesmo modelo do balcão por estar desligando, apresentando ruídos na tela. Praticamente queimado.",2025-06-10,Lucas S.,,
250,122217303196,Sem placa,Nobreak,APC BACK-UPS 600VA,36,36,Substituir nobreak de um dos caixas que não está segurando carga.,2025-06-06,Lucas S.,,
248,89007,7851,Nobreak,APC BACK-UPS 1500VA,21,36,Substituir nobreak do servidor que não está segurando carga.,2025-06-06,Lucas S.,,
247,122209650318,5644,Nobreak,APC BACK-UPS 600,999,999,"Inserção de nobreak no balcão, visto que um foi, mas deu problema.",2025-06-05,Lucas S.,,
246,"1,01000800000302E+017",Adicionar placa,Impressora fiscal,Bematech MP-4200 TH FI,999,22,Inserção para computador do clique-retire que está sem.,2025-06-04,Lucas S.,,
245,159700649327,Sem placa,Estabilizador,Revolution Speedy uSP300 BI 115,1002,22,Inserção de estabilizador no balcão em razão de estar sem. Computador ligado direto na tomada.,2025-06-04,Lucas S.,,
244,273960149432,Sem placa,Nobreak,SMS Station II uST600BS,1000,1000,Devolução após troca de bateria. Ela não estava segurando carga; vivia apitando.,2025-06-04,Lucas S.,,
243,BRGFC4M0RM,1899,Multifuncional a laser,HP Laserjet Pro MFP 1132,7,8,Aparentemente substituir impressora do laboratório.,2025-06-03,Lucas S.,,
241,20098276,10196,Elgin Bematech RC-8400 ZION,Elgin Bematech RC-8400 ZION,13,13,Devolver máquina naclj13te04 após revisão sobre falha ao conectar na rede e não ligamento.,2025-06-02,Lucas S.,,
240,25006770,Sem placa,Leitor de código de barras,SMS Station II uST600BI,999,11,Substituir leitor do PDV que parou de funcionar adequadamente.,2025-05-28,Lucas S.,,
238,BR-0FCFPK-07591-45Q-0H1M,1988,Monitor,Dell E1914Hc,7,8,Substituir monitor da máquina recém trocada naclj08manip04.,2025-05-28,Lucas S.,,
237,5468,5468,Desktop Torre,Montada Asus,19,8,Substituir máquina que ficou faltando dar upgrade: SSD + RAM. Nome: naclj08manip04.,2025-05-28,Lucas S.,,
236,273950467777,Sem placa,Nobreak,SMS Station II uST600BI,2,39,Substituir nobreak que não está segurando carga.,2025-05-28,Lucas S.,,
234,6467480020,836,Nobreak,APC BACK-UPS 1200 BI,14,21,Substituir nobreak que não está segurando carga.,2025-05-26,Lucas S.,,
233,5B2420WA2266,Sem placa,Nobreak,APC BVX600BI-BR,999,1002,Substituir nobreak que não está segurando carga.,2025-05-26,Lucas S.,,
232,5B2420WA2267,Sem placa,Nobreak,APC BVX600BI-BR,999,1002,Substituir nobreak que não está segurando carga.,2025-05-26,Lucas S.,,
231,5B2420WA2450,Sem placa,Nobreak,APC BVX600BI-BR,999,1002,Substituir nobreak que não está segurando carga.,2025-05-26,Lucas S.,,
230,BR-0FJ067-07591-872-2VTU,3809,Monitor,Dell E157FPc,10,7,Inserção temporária de monitor; o que estava lá será enviado para outra loja.,2025-05-26,Lucas S.,,
229,20098279,8950,Microcomputador,Elgin Bematech RC-8400 ZION,45,45,"Devolução do computador naclj45te04 após atualizar drivers. Queixa era de não conectar à rede pelo cabo, as quando conectei na rede do Departamento de TI deu certo. Problema crônico da marca.",2025-05-21,Lucas S.,,
228,122140711485,Sem placa,Nobreak,APC BACK-UPS 600,20,2,Inserção de nobreak para novo computador do estoque.,2025-05-20,Lucas S.,,
227,5467,5467,Desktop Mid Tower,Montada Asus,19,2,Inserção de novo computador para estoque em razão da alta demanda.,2025-05-20,Lucas S.,,
226,24074376,Sem placa,Leitor de código de barras,Elgin Bematech EL250,999,2,Inserção de leitor de código de barras para nova máquina do estoque.,2025-05-20,Lucas S.,,
225,412AZYE6Z330,10194,Monitor,LG 20MK400H - B,999,2,Inserção de monitor para nova máquina do estoque.,2025-05-20,Lucas S.,,
224,U63885G4X227179,10195,Multifuncional a laser,Brother DCP-L2540DW,7,2,Inserção de impressora nova na rede via cabo em razão da alta demanda.,2025-05-20,Lucas S.,,
223,159700126295,Sem placa,Estabilizador,SMS Revolution Speedy uSP300 BI ,999,15,"Inserção de estabilizador no estoque, pois está faltando.",2025-05-19,Lucas S.,,
222,23004875,Adicionar placa,Microcomputador,Elgin Bematech Newera E3 Nano,999,15,Substituir máquina velha e/ou lenta por esta.,2025-05-19,Lucas S.,,
221,23001096,Adicionar placa,Microcomputador,Elgin Bematech Newera E3 Nano,999,8,Substituir máquina velha e/ou lenta por esta.,2025-05-19,Lucas S.,,
220,24004452,Adicionar placa,Microcomputador,Elgin Bematech Newera E3 Nano,999,8,Substituir máquina velha e/ou lenta por esta.,2025-05-19,Lucas S.,,
219,23004977,Adicionar placa,Microcomputador,Elgin Bematech Newera E3 Nano,999,15,Substituir máquina velha e/ou lenta por esta.,2025-05-19,Lucas S.,,
217,XDDD019394,10192,Impressora fiscal,Epson TM-T20X-II,999,21,Impressora fiscal nova destinada ao caixa. Está substituindo a emprestada da loja 2. (Começou aqui a ser adicionado a placa no escritório.),2025-05-16,Lucas S.,,
212,1221129755829,Sem placa,Nobreak,APC BACK-UPS 600,36,2,Substituir nobreak que não está segurando carga; fica apenas apitando.,2025-05-16,Lucas S.,,
211,40998S1,588,Desktop Mid Tower,Dell Optiplex 390,3,13,"Substituir máquina que estava lenta por ter HDD, por esta máquina com SSD e 8GB de RAM. Nome: naclj13te02.",2025-05-15,Lucas S.,,
210,409AZTH5B857,Adicionar placa,Monitor,LG 20MK400H - B,999,999,Inserção de segunda tela para funcionária Jéssica do RH.,2025-05-15,Lucas S.,,
209,2404,2404,Desktop Torre,Montada,13,12,"Máquina coringa, que ficou parada sem usar por muito tempo após envio, retornando como naclj12sep01.",2025-05-14,Lucas S.,,
208,165111174446,Sem placa,Estabilizador,SMS Revolution Speedy uSP 1.5S 115,2,48,Substituir o estabilizador que não estava funcionando que veio para cá.,2025-05-13,Lucas S.,,
207,159700536372,Sem placa,Estabilizador,SMS Revolution Speedy uSP300 BI 115,28,38,Substituir estabilizador do balcão que foi enviado para cá por não estar funcionando.,2025-05-13,Lucas S.,,
205,122149107128,Sem placa,Nobreak,APC BACK-UPS 600,24,24,"Retornando nobreak, que não estava segurando carga, após substituição de bateria.",2025-05-12,Lucas S.,,
204,R9XXB004Y9R,Adicionar placa,Celular,Samsung Galaxy A06 SM-A065M/DS,999,31,"Substituir celular velho do balcão por este novo, que é mais rápido.",2025-05-09,Lucas S.,,
202,I220H546222,Sem placa,Leitor de código de barras,Bematech BR-400,14,10,"Substituir leitor manual com fio, de mesmo modelo, do balcão que está com defeito.",2025-05-09,Lucas S.,,
201,U63980K8N750655,10265,Multifuncional a laser,Brother DCP-1617DW,12,12,"Retornando para loja após reencaixar presilha que prende e solta o cilindro, o que impedia de imprimir. Coisa simples e fácil, nada demais. Sem defeito.",2025-05-09,Lucas S.,,
200,U64176K1N463453,1799,Multifuncional a laser,Brother HL-L5102DW,7,7,Retorno desta impressora para o laboratório após revisão para consertar problema de fusor.,2025-05-08,Lucas S.,,
199,9VMLVN2,2162,Microcomputador,Dell OptiPlex 3050,1002,1002,Retornando após substituição do SSD antigo de 120GB por um maior de 240GB. (E-mails antigos do Live Mail estavam ocupando 55GB.),2025-05-08,Lucas S.,,
198,BRJSF7H8HS,798,Multifuncional a laser,HP Laserjet Pro MFP 1132,14,7,"Substituir impressora, de mesmo modelo, que estava agarrando papel, do laboratório.",2025-05-07,Lucas S.,,
195,KQUMAXA000399,Adicionar placa,Monitor,AOC E1670SWU/WM,13,19,Substituir monitor LG do balcão que está com mau contato no cabo de energia em razão de ficar pressionado contra o suporte.,2025-05-06,Lucas S.,,
194,6FRWFM2,1728,Microcomputador,Dell OptiPlex 3050,19,19,"Reenviando máquina do estoque para mesma loja. Não se sabe o motivo de ter volltado, provavelmente em razão do Ezio e Leandro não terem trocado na primeira ida à Uberaba.",2025-05-06,Lucas S.,,
193,8MSQZ23,7251,Microcomputador,Dell OptiPlex 3070,29,19,"Substituir microcomputador do balcão por este: SSD, 8GB de RAM.",2025-05-06,Lucas S.,,
192,FD1ZFV2,5092,Microcomputador,Dell OptiPlex 3060,26,29,"Substituir microcomputador do balcão por este: SSD, 8GB de RAM.",2025-05-06,Lucas S.,,
191,5084,5084,Microcomputador,Dell OptiPlex 3060,26,29,"Substituir microcomputador do gerente por este: SSD, 8GB de RAM.",2025-05-06,Lucas S.,,
190,FD0ZFV2,5083,Microcomputador,Dell OptiPlex 3060,26,19,"Substituir microcomputador do balcão por este: SSD, 8GB de RAM.",2025-05-06,Lucas S.,,
188,2MCGY63,7180,Microcomputador,Dell OptiPlex 3070,29,29,Retornando naclj29sep01 para estoque após melhoria e manutenção.,2025-05-06,Lucas S.,,
187,"1,01000800000094E+017",345,Impressora fiscal,Bematech MP-4200 TH,999,20,Impressora fiscal para romaneio. Estava faltando.,2025-05-05,Lucas S.,,
186,273960149421,Sem placa,Nobreak,SMS Station II uST600S,26,20,"Substituir nobreak do balcão, de mesmo modelo que este, que não está segurando carga.",2025-05-05,Lucas S.,,
185,122217303164,Sem placa,Nobreak,APC BACK-UPS 600 BI,1000,1000,"Troca de bateria. Nobreak não ligava, apenas apitava.",2025-05-05,Lucas S.,,
184,411SPAE04568,36,Monitor,LG 20EN33SSA,999,1002,Substituir monitor do Marcus do Ecommerce do CDN por não estar mais ligando.,2025-04-30,Lucas S.,,
183,BRBSJ7WFM5,5431,Multifuncional a laser,LaserJet Pro MFP M125a,19,14,"Substituir impressora do escritório que não conectou, após revisão da Soft, por nada devido à falha na instalação do driver após revisão. (Enviado à Soft por estar embolando papel.)",2025-03-04,Lucas S.,,
182,273920074387,1539,Nobreak,SMS Station II uST1200BI,22,23,Substituição de nobreak do servidor que não está mais segurando carga.,2025-04-30,Lucas S.,,
181,273950421055,Sem placa,Nobreak,SMS Station II uST600BI,19,38,"Substituir o único nobreak do balcão, que não está segurando carga.",2025-04-30,Lucas S.,,
179,409AZWS5B721,Adicionar placa,Monitor,LG 20MK400H - B,999,999,"Adicionar mais uma tela para a funcionária Isabelle, do Departamento Pessoal.",2025-04-28,Lucas S.,,
178,409AZHY5B609,Adicionar placa,Monitor,LG 20MK400H - B,999,999,"Adicionar mais uma tela para a funcionária Larissa, da Qualidade.",2025-04-28,Lucas S.,,
177,122231891071,Sem placa,Nobreak,APC BACK-UPS 600,41,41,Devolução do nobreak do balcão após troca de bateria.,2025-04-25,Lucas S.,,
176,U63885B3N682499,Adicionar placa,Multifuncional a laser,Brother DCP-L2540DW,20,20,Retornando para loja após conserto de um problema sério.,2025-04-24,Lucas S.,,
175,K18GN003560,5659,Leitor de código de barras,Bematech Aquila S-3200,20,20,"Substituir leitor fixo do estoque que estava lento, demorando cerca de 8 segundos para transferir código para computador.",2025-04-24,Lucas S.,,
174,6463540073,Sem placa,Nobreak,SMS APC BACK-UP 600,30,27,Nobreak faltando na loja.,2025-04-22,Lucas S.,,
173,122141820829,Sem placa,Nobreak,SMS APC BACK-UP 600,22,27,Nobreak faltando na loja.,2025-04-22,Lucas S.,,
172,7T81RD3,1760,Microcomputador,Dell OptiPlex 3080,1000,29,"Substituir naclj29pdv10 que estava lenta por ter HDD e apenas 4GB de RAM, por esta máquina com SSD e 8GB de RAM.",2025-04-22,Lucas S.,,
170,BRJSFBT86C,6411,Multifuncional a laser,HP Laserjet Pro MFP 1132,6,19,Substituir impressora HP 125a que não está instalando driver.,2025-04-16,Lucas S.,,
169,101SPNY2K711,2110,Monitor,LG FLATRON W1643C-PF,1002,19,"Substituição de monitor LG que está com mal contato com a fonte deenergia em razão do suporte do balcão ficar amassando o conector. Com este LG, que possui conexão em baixo, pretende-se sanar isso de vez. Enviado junto com a fonte.",2025-04-16,Lucas S.,,
166,273920113393,1440,Nobreak,SMS Station II uST1200BI,17,41,"Substituir nobreak do servidor, de 1200VA-1500VA, que não está segurando carga.",2025-04-10,Lucas S.,,
165,273920096854,842,Nobreak,SMS Station II uST1200BI,14,14,"Substituir nobreak do servidor, de 1200VA, que não está segurando carga.",2025-04-10,Lucas S.,,
164,BRCSF213YC,Adicionar placa,Impressora a laser,HP LaserJet P1102,8,14,"Inserção desta impressora para computador específico que fica em uma salinha. Isso facilitará, pois não terá que ficar imprimindo na impressora da separação. Pedido do Marquin.",2025-04-08,Lucas S.,,
163,HNWR862,478,Minicomputador,Dell OptiPlex 3040,4,39,"Foi enviado entre janeiro a março de 2025 para substituir máquina do estoque que estava lenta. Não se sabe ao certo a data, pois esta se refere a quando se viu que tal equipamento já tinha sido enviado.)",2025-04-08,Lucas S.,,
162,H94CN73,7541,Microcomputador,Dell OptiPlex 3080,2,1002,"Substituição de notebook da entrada nacntcdn12, que está com a tela quebrada, por este computador naccdn12.",2025-02-27,Lucas S.,,
161,1439,1439,Desktop Torre,Montada,17,14,"Substituir o computador da separação naclj14sep01, que era uma máquina velha com HDD, por esta, que é uma i3, com SSD e 8GB DDR3.",2025-04-08,Lucas S.,,
160,9VHTVN2,1747,Microcomputador,Dell OptiPlex 3050,1000,14,Substituição de naclj14pdv11 por um melhor com SSD e i3.,2025-04-04,Lucas S.,,
157,LM-800,Sem placa,Leitor de código de barras,B-MAX LM-800,22,40,Necessitando de leitor manual sem fio havia bastante tempo.,2025-04-02,Lucas S.,,
156,9VLMVN2,1731,Microcomputador,Dell OptiPlex 3050,1000,26,Substituir máquina do balcão que possui HDD. Este é o naclj26te05.,2025-04-02,Lucas S.,,
154,122217303151,Sem placa,Nobreak,SMS APC BACK-UP 600,1000,16,Substituir nobreak que não está segurando carga.,2025-04-02,Lucas S.,,
152,122217303169,Sem placa,Nobreak,APC BACK-UPS 600,14,2,Substituir nobreak que não está segurando carga.,2025-03-27,Lucas S.,,
151,122217303152,Sem placa,Nobreak,SMS APC BACK-UP 600,39,2,Substituir nobreak que não está segurando carga.,2025-03-27,Lucas S.,,
150,165200705653,Sem placa,Estabilizador,Revolution Speedy uSP300S 115,999,45,Substituir estabilizador que queimou no balcão.,2025-03-26,Lucas S.,,
149,273950421053,Sem placa,Nobreak,SMS Station II uST600BI,26,45,"Substituir nobreak do computador do balcão. Há muitas quedas de energia, por isso necessidade de haver pelo menos um lá.",2025-03-26,Lucas S.,,
148,273950306127,Sem placa,Nobreak,SMS Station II uST600BI,4,30,Substituir nobreak que não está segurando carga.,2025-03-25,Lucas S.,,
147,BR-0FJ067-07591-873-0DRU,310,Monitor,Dell E157FPc,24,24,"Retornar para loja após ter sido enviado erroneamente após troca de PC. Segundo Jeferson, é para retornar.",2025-03-24,Lucas S.,,
146,165200086731,Sem placa,Estabilizador,SMS Revolution uSP300s 115,30,2,Reposição de estabilizador.,2025-03-21,Lucas S.,,
145,273960061022,Sem placa,Nobreak,SMS Station II uST600S,12,14,Substituição do nobreak do PDV da frente. Último da direita.,2025-03-21,Lucas S.,,
144,273950460642,Sem placa,Nobreak,SMS Station II uST600BI,27,12,"Devolução de nobreak, mas retornando um que é 220V, pois o que veio era 110, sendo que a maioria das tomadas lá são 220V.",2025-03-20,Lucas S.,,
143,122112975736,Sem placa,Nobreak,APC BACK-UPS 600,6,6,Devolver nobreak que não estava segurando bateria. Bateria trocada.,2025-03-20,Lucas S.,,
142,272990012654,3372,Nobreak,SMS MANAGER NET4+ uSMT1500S 220,22,14,Substituir nobreak do servidor.,2025-03-20,Lucas S.,,
141,BE091710100011209031,343,Impressora fiscal,Bematech MP-4000 TH FI,45,22,Substitui impressora fiscal de mesmo modelo em razão da que está lá estar imprimindo com muitas falhas.,2025-03-20,Lucas S.,,
140,122217303171,Sem placa,Nobreak,APC BACK-UPS 600,12,1000,"Substituir filtro de linha temporário da baia 28, que está sem nobreak há algum tempo. Pode ser que este nobreak possa não segurar carga devido à bateria -- embora seja nova.",2025-03-20,Lucas S.,,
138,B94CN73,1763,Microcomputador,Dell OptiPlex 3080,1000,4,"Substituição de PDV10 em razão do Windows 11 da máquina substituída poder estar gerando erros no programa PDV. Por recomendação da Linx, instalou-se o Windows 10 para ver se sana tal problema.",2025-03-19,Lucas S.,,
136,FL7TBS2,1677,Microcomputador,Dell OptiPlex 3060,1000,2,"Substituir máquina do balcão naclj02te30 por esta em razão de lentidão e travamento. Agora está mais compacta e rápida, com SSD.",2025-03-17,Lucas S.,,
135,5638,5638,Desktop Mid Tower,Montada,20,24,"Substituição do computador naclj24farma por este em razão de o Windows ter se corrompido, além de visar melhora de desempenho.",2025-03-14,Lucas S.,,
134,8V81RD3,1741,Microcomputador,Dell OptiPlex 3080,1000,17,Substituir máquina naclj17pdv11 por esta em razão do tamanho do gabinete ser grande e de estar faltando de portas USBs -- de 4 para 6.,2025-03-12,Lucas S.,,
133,23025614,Sem placa,Leitor de código de barras,Elgin Flash II,999,26,Substituir leitor manual alegado pelo gerente de estar com problemas.,2025-03-11,Lucas S.,,
132,22031911,Sem placa,Leitor de código de barras,Elgin Flash II,999,26,Substituir leitor manual alegado pelo gerente de estar com problemas.,2025-03-11,Lucas S.,,
131,6FTTFM2,Sem placa,Microcomputador,Dell OptiPlex 3050,2,2,"Relatado que este computador estava com problema. Mas não foi encontrado nenhum problema aparente. Feito comandos via prompt para corrigir o sistema Windows e SSD. Ficou alguns dias ligado, não desligou nem uma vez. Retornando para loja de origem.",2025-03-10,Lucas S.,,
129,FL7PBS2,8473,Microcomputador,Dell OptiPlex 3060,23,1002,"Trocar máquina da expedição cdnexp01 por motivos de desempenho. Bem lento a que estava, e com HDD, aparentemente,",2025-03-10,Lucas S.,,
128,165200582868,Sem placa,Estabilizador,Revolution Speedy uSP300S 115,999,40,Estabilizador para nova máquina do novo coordenador -- antes não havia.,2025-03-07,Lucas S.,,
127,BR-0FJ067-07591-871-0A7U,8236,Monitor,Dell E157FPc,24,40,Monitor com suporte para nova máquina do novo coordenador -- antes não havia.,2025-03-07,Lucas S.,,
126,6MB7Y02,1744,Microcomputador,Dell Inspiron 3647,1000,40,Nova máquina naclj40esc01 a ser remanejada nesta loja para o novo coordenador -- antes não havia.,2025-03-07,Lucas S.,,
124,HA15HXQQ101557T,329,Monitor,Samsung 540N,999,20,Enviado temporariamente para atualizar driver de computador do balcão. Preciso saber qual é o ID do AnyDesk dessa máquina para fazer remotamente.,2025-03-07,Lucas S.,,
123,BR-0K876H-07591-174-1LYL,126,Monitor,Dell E1709Wc,999,1000,Reposição do monitor da baia 10 que foi queimado após gotejamento no teto.,2025-03-05,Lucas S.,,
122,BE091310100011269913,3662,Impressora fiscal,Bematech MP-4000 TH FI,32,22,Substituir impressora fiscal convertida que está com a impressão um pouco apagada.,2025-03-05,Lucas S.,,
121,292020053058,Sem placa,Nobreak,SMS Lite 600Bi,999,30,Substituir nobreak do escritório que não está segurando carga.,2025-03-05,Lucas S.,,
120,HA15HXIQ100455Y,328,Monitor,Samsung 540N,999,999,Setado na sala de treinamento para computador temporário.,2025-03-05,Lucas S.,,
119,BR-0FJ067-07591-873-07ZU,1446,Monitor,Dell E157FPc,17,999,Setado na sala de reunião para computador temporário.,2025-03-05,Lucas S.,,
118,3961,3961,Desktop Mid Tower,Montada,16,999,Setado na sala de reunião como estação04 temporária para o pessoal da ProcFit configurá-lo.,2025-03-05,Lucas S.,,
117,273920274071,5046,Nobreak,SMS Station II uST1200BI,26,999,Setado na sala de treinamento para os computadores temporários.,2025-03-04,Lucas S.,,
116,GXJJPZ2,2838,Microcomputador,Dell OptiPlex 3060,999,999,Setado na sala de reunião como estação03 temporária para o pessoal da ProcFit configurá-lo.,2025-03-04,Lucas S.,,
115,7MCGY63,4739,Microcomputador,Dell OptiPlex 3070,30,999,Setado na sala de reunião como estação02 temporária para o pessoal da ProcFit configurá-lo.,2025-03-04,Lucas S.,,
114,FBBRFV2,1757,Microcomputador,Dell OptiPlex 3060,1000,999,Setado na sala de reunião como estação01 temporária para o pessoal da ProcFit configurá-lo.,2025-03-04,Lucas S.,,
112,FS81RD3,1650,Minicomputador,Dell OptiPlex 3080,1000,999,Setado no CPD como servidor temporário para o pessoal da ProcFit configurá-lo.,2025-03-03,Lucas S.,,
111,6FSVFM2,3014,Minicomputador,Dell OptiPlex 3050,6,26,"Substituição de máquina naclj26te01 do balcão por esta. Melhoria de HDD para SSD e de 4GB de RAM para 8GB de RAM, além de todas as configurações para melhor desempenho.",2025-03-03,Lucas S.,,
108,3866,3866,Desktop Torre,Montada,10,20,"Máquina naclj20te201 configurada para substituir uma desta loja que parou de funcionar. Embora esteja com HDD, foram realizados todos os processos para se obter melhor desempenho possível.",2025-02-26,Lucas S.,,
107,CMCGY63,429,Minicomputador,Dell OptiPlex 3070,4,20,"Máquina naclj20te101 configurada para substituir uma desta loja que parou de funcionar. Computador melhor e compactado, comparado aos que ali estão, além de ter SSD.",2025-02-25,Lucas S.,,
105,122217303155,Sem placa,Nobreak,APC BACK-UPS 600,26,14,Substituição de nobreak do PDV 12 desta loja que não está segurando carga.,2025-02-21,Lucas S.,,
104,1V5XMZ1,3368,Minicomputador,Dell Inspiron 3647,22,16,"Substituição da máquina naclj16ger do gerente por não estar ligando -- embora, ao vir para cá duas vezes, ligar normal. Lá deve ser devido à estática. Para não acontecer novamente, optou-se por configurar uma nova e substituir HDD por SSD, uma vez que esse também corrompeu o Windows. Feito backup do Live Mail.",2025-02-21,Lucas S.,,
103,HNW6MD2,6602,Microcomputador,Dell OptiPlex 3040,18,18,Retornado após formatação em razão de ter sido invadida e um usuário desconhecido ter instalado um script de mineiração de uma criptomoeda chamada Monero. Fez-se também configurações para melhorar desempenho e outras manutenções preventivas.,2025-02-20,Lucas S.,,
102,BE091110100011254272,344,Impressora fiscal,Bematech MP-4000 TH FI,999,26,"Impressora parada desta loja retornando. Impressão boa, mas com algumas falhas.",2025-02-20,Lucas S.,,
101,BE091710100011205732,2625,Impressora fiscal,Bematech MP-4000 TH FI,37,26,"Impressora da separação retornando após averiguar que está funcionando perfeitamente, incluindo uma impressão ótima. Poderia ter sido apenas reinstalada.",2025-02-20,Lucas S.,,
100,20095361,Sem placa,Microcomputador,Elgin Bematech RC-8400 ZION,6,6,Máquina que era do balcão deste loja retornando para o setor de escritório (coordenador).,2025-02-19,Lucas S.,,
99,273860084030,Sem placa,Nobreak,SMS NET Station uST600s,14,27,Substituir nobreak que não está segurando carga.,2025-02-19,Lucas S.,,
98,9VJRVN2,3429,Microcomputador,Dell OptiPlex 3050,22,22,Máquina do balcão retornada após troca de HDD para SSD visando melhoria de desempenho.,2025-02-19,Lucas S.,,
97,273950486421,Sem placa,Nobreak,SMS Station II uST600BI,1002,1002,Substituir nobreak que não está segurando carga.,2025-02-19,Lucas S.,,
96,6463540031,Sem placa,Nobreak,APC BACK-UPS 600,1002,1002,Substituir nobreak que não está segurando carga.,2025-02-19,Lucas S.,,
95,HP97642,6638,Microcomputador,Dell OptiPlex 3040,18,18,Máquina naclj18te01 retornando após manutenção preventiva e corretiva. Tela piscava devido a mau contato do VGA na placa-mãe e sujeira. Aproveitou-se para formatá-la e realizar outros ajustes de desempenho.,2025-02-18,Lucas S.,,
92,122231891058,Sem placa,Nobreak,APC BACK-UPS 600,999,1002,Substituir nobreak que não está segurando carga.,2025-02-18,Lucas S.,,
91,273950325320,Sem placa,Nobreak,SMS Station II uST600BI,26,1002,Substituir nobreak que não está segurando carga.,2025-02-18,Lucas S.,,
90,273950421050,Sem placa,Nobreak,SMS Station II uST600BI,26,10,Substituição de nobreak de PDV que está com a bateria falhando.,2025-02-18,Lucas S.,,
86,FD1XFV2,5081,Microcomputador,Dell OptiPlex 3060,26,26,Máquina do balcão naclj26te03 retornando para loja de origem. Formatado e feito as configurações ideais para se ter um melhor desempenho.,2025-02-17,Lucas S.,,
85,3M8GC72,Sem placa,Notebook,Dell Inspiron 14 3542,8,8,Notebook da dermo consultora desta loja estava com problemas na fonte deste computador. Fonte trocada: não  desliga mais sozinho e carrega bateria.,2025-02-17,Lucas S.,,
84,122217303168,Sem placa,Nobreak,APC BACK-UPS 600,24,24,Nobreak sendo retornado à loja de origem.,2025-02-14,Lucas S.,,
82,GXRCPZ2,2823,Microcomputador,Dell OptiPlex 3060,27,8,"Fonte da máquina da loja 8 que veio queimou. Pegou o SSD dela e colocou neste computador. Configuração atual é equivalente, ou levemente melhor.",2025-02-13,Lucas S.,,
81,X5Z7499672,Adicionar placa,Impressora fiscal,Epson TM-T20X,999,22,"Substituição de impressora convertida Bematech do PDV, esta ficará no lugar da Bematech da separação que deu problema na guilhotina: piscando 12 vezes.",2025-02-12,Lucas S.,,
80,2745,2745,Desktop Torre,Montada C3Tech,27,5,"Substituição de computador da atenção farmacêutica (naclj05pharma) por este mais potente. Foi solicitado a troca por um melhor em razão da máquina de lá estar muito lenta, além de que nela se fazer mais coisas além de tarefas ligadas à atenção farmacêutica.",2025-02-11,Lucas S.,,
79,21114060,Sem placa,Microcomputador,Elgin Bematech RC-8400 ZION,50,50,"Retornando para loja de origem após revisão sobre o seu não ligamento. Foi feito vários testes, tudo ok. Possível causa: sujeira na RAM e/ou necessidade de reset na placa.",2025-02-11,Lucas S.,,
77,21107943,8951,Microcomputador,Elgin Bematech RC-8400 ZION,45,50,"Máquina naclj50pdv12 destinada ao PDV 12, do televendas, da respectiva loja nova.",2025-02-10,Lucas S.,,
76,BRHSDD46V5,1981,Multifuncional a laser,HP Laserjet Pro MFP 1132,7,6,"Enviado para o estoque para repor a impressora, de mesmo modelo -- enviada recentemente --, que não está ligando.",2025-02-07,Lucas S.,,
75,BR-0HDK1P-07591-34G-3FVM,1124,Monitor,Dell E1912Hc,999,12,"Monitor de mais de 15 polegadas do televendas queimou, aparentemente. Foi enviado este, com risco na tela, pois era o único retangular disponível.",2025-02-06,Lucas S.,,
73,BRBSGC2R9T,4552,Multifuncional a laser,HP LaserJet Pro MFP 125a,9,9,"Retornado, após feita a manutenção pela Soft, de onde veio da última vez, da loja 9.",2025-02-06,Lucas S.,,
72,9VMSVN2,1694,Microcomputador,Dell Optiplex 3050,1000,26,"Terminal do balcão naclj26te02 enviado em 2025-01-09 para loja 26, entretanto, após haver uma falha ao ligar, relativo à fan, foi retornado. Após alguns testes, notou-se que está funcionando normal. ",2025-02-05,Lucas S.,,
71,165200705652,Sem placa,Estabilizador,Revolution Speedy uSP300S 115,999,50,Destinado ao balcão da nova loja 50.,2025-02-05,Lucas S.,,
68,23025620,Sem placa,Leitor de código de barras,Elgin Flash II,999,50,Destinado ao balcão da nova loja de número 50.,2025-02-05,Lucas S.,,
67,5639,5639,Desktop Mid Tower,Montada,20,1,"Reposição de computador auxiliar do estoque (naclj01est02), que foi retirado por ter problema na placa e congelar o Windows após um tempo ligado e descartado. As configurações de hardware permanecem as mesmas de antes no que será enviado.",2025-02-04,Lucas S.,,
66,273920118171,5430,Nobreak,SMS Station II uST1200BI,19,26,"Substituir nobreak do servidor, de 1200VA, que não está segurando carga.",2025-02-04,Lucas S.,,
65,U63885G7N402847,3010,Multifuncional a laser,Brother DCP-L2540DW,6,6,Retornando para loja após revisão sobre embolamento de papel. Destinado a onde estava: balcão. É a principal impressora de lá.,2025-02-03,Lucas S.,,
63,GXPKPZ2,2788,Microcomputador,Dell OptiPlex 30860,27,27,"PDV 12 desta loja, computador montado, tipo torre, não liga. Enviado para substituí-lo.",2025-02-03,Lucas S.,,
62,8MCGY63,4740,Microcomputador,Dell OptiPlex 3070,30,30,"Terminal naclj30te06 retornando. Métodos para fazê-lo ficar mais rápido e leve foram realizados: formatação, configuração e manutenção preventiva.",2025-01-31,Lucas S.,,
61,BRBSG19HC0,122,Impressora a laser,HP LaserJet P1102w,999,8,"Retornando para loja, mas destinado a um lugar diferente: balcão.",2025-01-31,Lucas S.,,
60,273950289173,Sem placa,Nobreak,SMS Station II uST600BI,999,14,"Troca de nobreak de PDV em razão do que estava lá não segurar carga nos momentos de queda de energia, que são bastantes, desconfigurando, desse modo, o computador quando era religado.",2025-01-29,Lucas S.,,
59,BRJSG656G9,6827,Multifuncional a laser,HP Laserjet Pro MFP 1132,8,8,"Substituir impressora HP 1132, que está embolando papel. Esta foi enviada recentemente para substituir uma P1102w.",2025-01-29,Lucas S.,,
57,E182N013601,5660,Leitor de código de barras,Bematech Aquila S-3200,20,14,Separação necessitando de um leitor a mais. O último que foi enviado estava lento na leitura dos códigos.,2025-01-28,Lucas S.,,
56,4GBS2K2,7907,Minicomputador,Dell OptiPlex 3050,21,21,Substituição de algum balcão que esteja com desempenho ruim. Antes este era PDV com HDD.,2025-01-27,Lucas S.,,
53,292020053068,Sem placa,Nobreak,SMS Lite 600Bi,999,48,Destinado ao televendas. Esqueceu de levar na inauguração da loja.,2025-01-27,Lucas S.,,
52,U63561K3N652283,Adicionar placa,Multifuncional a laser,Brother DCP-1512,3,3,"Impressora retornando para loja 3. Somente gerente que usa, praticamete. Estava com difuculdades para puxar papel. Revisão feita.",2025-01-23,Lucas S.,,
51,21105148,7417,Microcomputador,Elgin Bematech RC-8400 ZION,41,41,"Computador naclj41te05 retornando. Problema já relatado outras vezes em outros computadores do mesmo modelo: travamento na tela da BIOS. Foi feito vários métodos para tentar corrigir sem ter que formatar, e deu certo.",2025-01-24,Lucas S.,,
50,BE091110100011269810,Adicionar placa,Impressora fiscal,Bematech MP-4000 TH FI,22,32,"Impressora do mesmo modelo dessa da loja deu defeito na cabeça de impressão; está piscando o led vermelho 8 vezes, sinalizando erro.",2025-01-23,Lucas S.,,
49,5KWD0Y1,2457,Minicomputador,Dell Vostro 270s,13,4,Trocado o HDD pelo SSD. Estava muito lento.,2025-01-22,Lucas S.,,
48,8MSWZ23,4738,Microcomputador,Dell OptiPlex 3070,30,30,Formatação e manutenção geral do computador visando melhoria de desempenho. Retornando para loja de origem.,2025-01-22,Lucas S.,,
47,122231891059,Sem placa,Nobreak,APC BACK-UPS 600,999,39,Substituição de nobreak de mesmo modelo que parou de funcionar. Provavelmente é a bateria.,2025-01-22,Lucas S.,,
45,BRGHC2H4M1,1117,Multifuncional a laser,HP Laserjet Pro MFP 1132,1,8,Impressora do mesmo modelo de lá está travando com papéis mais grossos quando imprime. Uso aproximado de 4 meses desde a última troca. (Passou da manipulação para o escritório.),2025-01-21,Lucas S.,,
43,BRGFD6G0RZ,1106,Multifuncional a laser,HP Laserjet Pro MFP 1132,1,13,"Troca de impressora. Durou 2 meses. A que estava llá, do mesmo modelo, quebrou uma peça, fazendo com que imprimisse a folha em branco.",2025-01-21,Lucas S.,,
42,165200444955,Sem placa,Estabilizador,SMS Revolution Speed USP300S,30,999,Estabilizador para equipamentos do usuário Financeiro 11.,2025-01-20,Lucas S.,,
41,BE090910100010020342,Adicionar placa,Impressora fiscal,Bematech MP-4000 TH FI,25,16,"Impressora fiscal para novo PDV 11. (Ideal seria Epson T20, mas não tinha.)",2025-01-20,Lucas S.,,
40,702SPTM0L489,336,Monitor,FLATRON 16M38A - B,999,16,Monitor para novo PDV 11.,2025-01-20,Lucas S.,,
39,273950480384,Sem placa,Nobreak,SMS Station II uST600BI,999,16,Nobreak para novo PDV 11.,2025-01-20,Lucas S.,,
38,0D13050928,2469,Leitor de código de barras,Honeywell MS7820-118,13,16,Leitor de código de barras fixo para novo PDV 11.,2025-01-20,Lucas S.,,
37,9T81RD3,1647,Microcomputador,Dell Optiplex 3080,1000,16,Computador para novo PDV 11.,2025-01-20,Lucas S.,,
35,165200086690,Sem placa,Estabilizador,SMS Revolution Speed uSP300s,999,41,Estabilizador da loja 41 queimado. Enviado para substituição.,2025-01-20,Lucas S.,,
32,165110056434,Sem placa,Estabilizador,Revolution Speedy uSD 1.55 115,4,4,Fusível trocado. Retornado para loja de origem 4.,2025-01-20,Lucas S.,,
31,NXMQYAL002445DC2269501,2338,Notebook,Acer E 15 E5-571-320G,1002,999,"Mais um notebook para setor Financeiro, que se refere ao usuário Financeiro 11.",2025-01-20,Lucas S.,,
26,BE091010100011224413,4308,Impressora fiscal ,Bematech MP-4000 TH FI,43,22,Impressora fiscal de posologia Epson TM-T20 aparentemente com problema. Esta é temporária.,2025-01-16,Lucas S.,,
25,U63885C4X117697,Adicionar placa,Multifuncional a laser,Brother DCP-L2540DW,999,50,Loja nova necessitando de impressora para balcão.,2025-01-16,Lucas S.,,
22,4B1206P37945,Sem placa,Nobreak,BE400G-BR,999,3,Inserção de nobreak no relógio de ponto. Bateria do relógio parece não que não está segurando carga.,2025-01-15,Lucas S.,,
9,273930037347,8046,Nobreak,SMS Station II uST1200S,12,12,Troca de bateria. Nobreak retornado.,2025-01-15,Lucas S.,,
-3,3961,3961,Desktop Mid Tower,Montada,16,16,Equipamento devolvido,2025-02-05,,,
-4,BR-0FJ067-07591-873-0DRU,310,Monitor,Dell E157FPc,999,24,Equipamento devolvido,2025-03-07,Lucas S.,,
-5,BRJSFBT86C,6411,Multifuncional a laser,HP Laserjet Pro MFP 1132,15,6,Equipamento devolvido,2025-06-14,,,
-6,273920074387,1539,Nobreak,SMS Station II uST1200BI,23,22,Equipamento devolvido,2025-04-30,Lucas S.,,
-7,6FRWFM2,1728,Microcomputador,Dell OptiPlex 3050,19,19,Equipamento devolvido,2025-05-06,Lucas S.,,
-8,U63980K8N750655,10265,Multifuncional a laser,Brother DCP-1617DW,12,12,Equipamento devolvido,2025-05-09,Lucas S.,,
-10,XDDD019394,10192,Impressora fiscal,Epson TM-T20X-II,21,21,Equipamento devolvido,2025-05-16,Lucas S.,,
-12,U63885G4X227179,10195,Multifuncional a laser,Brother DCP-L2540DW,2,7,Equipamento devolvido,2025-05-20,Lucas S.,,
-15,273920298952,1384,Nobreak,SMS Station II uST1200BI,7,1002,Equipamento devolvido,2025-06-10,Lucas S.,,
-16,FD1SFV2,5080,Microcomputador,Dell OptiPlex 3060,22,19,Equipamento devolvido,2025-06-11,Lucas S.,,
-17,9VLRVN2,1679,Microcomputador,Dell OptiPlex 30450,10,22,Equipamento devolvido,2025-06-12,Lucas S.,,
-18,122141820861,Sem placa,Nobreak,APC BACK-UPS 600,42,2,Equipamento devolvido,2025-06-20,Lucas S.,,
-19,06578-17-10773,Sem placa,Leitor de código de baras,C3tech LB-W,12,2,Equipamento devolvido,2025-06-25,Lucas S.,,
-20,U63885G4X227118,10531,Multifuncional a laser,Brother DCP-L2540DW,4,13,Equipamento devolvido,2025-06-30,Lucas S.,,
-21,524G9J3,1753,Microcomputador,Dell OptiPlex 3080,15,26,Equipamento devolvido,2025-07-02,Lucas S.,,
-23,159700539011,Sem placa,Estabilizador,SMS Revolution Speedy uSP300BI 115,45,1002,Equipamento devolvido,2025-07-10,,,
-24,6KBLLK3,138,Notebook,Dell Vostro 3501,999,999,Equipamento devolvido,2025-07-10,,,
-25,KQUI2XA004039,242,Monitor,AOC E1670SWU/WM,1002,1002,Equipamento devolvido,2025-07-23,Lucas S.,,
-26,24002959,9150,Microcomputador,Elgin Bematech Newera E3 Nano,1000,1000,Equipamento devolvido,2025-05-01,Lucas S.,,
-29,122140711488,Sem placa,Nobreak,APC BACK-UPS 600,47,47,Equipamento devolvido,2025-08-06,Lucas S.,,
-32,BRBSG19HC0,122,Impressora a laser,HP LaserJet P1102w,1,1,Equipamento devolvido,2025-08-11,Lucas S.,,
-100,159700539011,Sem placa,Estabilizador,SMS Revolution Speedy uSP300BI 115,30,45,Equipamento devolvido,2025-02-27,,,
-101,BR-0FJ067-07591-873-0DRU,310,Monitor,Dell E157FPc,999,999,Equipamento devolvido,2025-03-03,,,
-102,U63885G4X227118,10531,Multifuncional a laser,Brother DCP-L2540DW,29,4,Equipamento devolvido,2025-06-02,Lucas S.,,
-103,KQUI2XA004039,242,Monitor,AOC E1670SWU/WM,1000,1002,Equipamento devolvido,2025-07-14,Lucas S.,,
